{
    "RougeL_recall_F": 0.08449322365853008,
    "RougeL_recall_R": 0.0833154000406841,
    "KFR": 0.9818181818181818,
    "KRR": 0.027777777777777776,
    "PPL_F": 11913.941703495655,
    "PPL_R": 1844.8319865629592,
    "TTR_F": 1.361244316020675,
    "TTR_R": 1.378692968734869,
    "BI_F": 201.9193107036854,
    "BI_R": 196.39036792900848,
    "HS_F": 791.1403132018983,
    "HS_R": 810.4648559653558,
    "Harmonic_F": 0.9475036890482642,
    "Harmonic_R": 0.041664424643223744,
    "Mean_F": 0.9486624790798259,
    "Mean_R": 0.05554658890923094,
    "Harmonic_AS_F": 0.00024754799016052283,
    "Harmonic_AS_R": 0.0014675498399951798,
    "Arithmetic_AS_F": 0.33458319760820304,
    "Arithmetic_AS_R": 0.33479184172879367,
    "Model": "kud-llama2-7b_contrastive_forget10_512_1e-5__checkpoint-800-full"
}