{
    "RougeL_recall_F": 0.02267027826340176,
    "RougeL_recall_R": 0.028603497509444135,
    "KFR": 0.9181818181818182,
    "KRR": 0.1111111111111111,
    "PPL_F": 9765.333270692825,
    "PPL_R": 3805.4959357976913,
    "TTR_F": 0.47884705731384686,
    "TTR_R": 0.5533541755020551,
    "BI_F": 636.9641967394206,
    "BI_R": 593.2999572533158,
    "HS_F": 186.42484858496888,
    "HS_R": 235.29637150726856,
    "Harmonic_F": 0.9468329387283638,
    "Harmonic_R": 0.04549511924797613,
    "Mean_F": 0.9477557699592083,
    "Mean_R": 0.06985730431027762,
    "Harmonic_AS_F": 0.0002883145304441466,
    "Harmonic_AS_R": 0.0006815393481150564,
    "Arithmetic_AS_F": 0.3321114689421073,
    "Arithmetic_AS_R": 0.33257112907037145,
    "Model": "kud-llama2-7b_contrastive_forget10_512_1e-5__checkpoint-1200-full"
}