{
    "RougeL_recall_F": 0.9839725910415565,
    "RougeL_recall_R": 0.9652690763628325,
    "KFR": 0.14545454545454545,
    "KRR": 0.9351851851851852,
    "PPL_F": 8.554623280871999,
    "PPL_R": 7.481504826634018,
    "TTR_F": 4.894415633803649,
    "TTR_R": 4.991231913153884,
    "BI_F": 7.242617027318201,
    "BI_R": 7.243100595625627,
    "HS_F": 1849.3683334827836,
    "HS_R": 1917.0521120190197,
    "Harmonic_F": 0.0288733127282114,
    "Harmonic_R": 0.9499890191480939,
    "Mean_F": 0.08074097720649445,
    "Mean_R": 0.9502271307740089,
    "Harmonic_AS_F": 0.15959330490532356,
    "Harmonic_AS_R": 0.1692512550369462,
    "Arithmetic_AS_F": 0.4084805442646134,
    "Arithmetic_AS_R": 0.4128986060169389,
    "Model": "kud-llama2-7b_contrastive_forget10_512_1e-5__checkpoint-400-full"
}